"id","Name","Phone","Email","Amount","Address","Item"
17,"yyyy","666","hhjk",888,"hh","phone"
18,"ghhhh","555555","ghgjghjg",8900,"hkhhj","phone"
19,"ttyyyg","8888","hvjhbh",666,"hbjjbhn","phone"
20,"tyyyt","666","hvjhnh",7777,"hjnh","phone"
21,"yttHJHJ","7787","hkhhh",777,"hnn","phone"
22,"yttHJHJ","7787","hkhhh",777,"hnn","phone"
23,"uitytu","6666","hjmnh",6666,"hjnn","phone"
24,"bhnhjgnj","66787","hbnj",777,"bhnjj","phone"
25,"gjyhyg","7667667","njhn",666,"hjk","phone"
26,"ghhjh","6666","ghjn",666,"hnjhh","phone"
27,"fghjbybhbty","5567668","fghjbg",676,"nhjhn","phone"
28,"fnjgny","556565","hyjg",555,"ghbjbh","phone"
29,"tbuy","6655656","ghjhbnh",667,"hghjh","phone"
